USE School
GO

INSERT INTO SpacePolicy (
    space_policy_id,
    booking_window_days,
    min_duration_minutes,
    max_duration_minutes,
    check_in_grace_minutes
)
VALUES
    ('DYWGI', 7, 10, 300, 5),
    ('HKBSL', 3, 10, 120, 10),
    ('NCYTN', 7, 10, 300, 10),
    ('QFJJO', 2, 10, 180, 5),
    ('CDQNA', 3, 10, 250, 5),
    ('QRSCP', 7, 10, 150, 3),
    ('FXADX', 3, 10, 360, 3),
    ('LRYBE', 3, 10, 360, 5),
    ('CXWSK', 3, 10, 300, 10),
    ('DTEHH', 3, 10, 120, 10);
GO

INSERT INTO Space (
    space_id,
    space_name,
    space_type_id,
    building,
    floor,
    room_number,
    capacity,
    space_status_id,
    space_policy_id
)
VALUES
    ('AU1', 'Auditorium 1', 1, 'I', 1, 1, 120, 1, 'DYWGI'),
    ('AU2', 'Auditorium 2', 1, 'B', 1, 1, 150, 1, 'DYWGI'),
    ('AU3', 'Auditorium 3', 1, 'C', 1, 1, 120, 1, 'DYWGI'),
    ('LH1', 'Lecture Hall 1', 3, 'I', 1, 2, 150, 1, 'NCYTN'),
    ('LH2', 'Lecture Hall 2', 3, 'B', 1, 2, 150, 1, 'NCYTN'),
    ('LH3', 'Lecture Hall 3', 3, 'C', 1, 2, 150, 1, 'NCYTN'),
    ('I21', 'Classroom I21', 2, 'I', 2, 1, 50, 4, 'HKBSL'),
    ('I22', 'Classroom I22', 2, 'I', 2, 2, 50, 3, 'HKBSL'),
    ('I23', 'Classroom I23', 2, 'I', 2, 3, 50, 1, 'HKBSL'),
    ('I31', 'Classroom I31', 2, 'I', 3, 1, 50, 1, 'HKBSL'),
    ('I32', 'Classroom I32', 2, 'I', 3, 2, 50, 1, 'HKBSL'),
    ('I33', 'Classroom I33', 2, 'I', 3, 3, 50, 4, 'HKBSL'),
    ('A21', 'Classroom A21', 2, 'A', 2, 1, 55, 4, 'HKBSL'),
    ('A22', 'Classroom A22', 2, 'A', 2, 2, 55, 1, 'HKBSL'),
    ('A23', 'Classroom A23', 2, 'A', 2, 3, 55, 1, 'HKBSL'),
    ('A31', 'Classroom A31', 2, 'A', 3, 1, 55, 1, 'HKBSL'),
    ('A32', 'Classroom A32', 2, 'A', 3, 2, 55, 1, 'HKBSL'),
    ('A33', 'Classroom A33', 2, 'A', 3, 3, 55, 1, 'HKBSL'),
    ('B21', 'Classroom B21', 2, 'B', 2, 1, 60, 1, 'HKBSL'),
    ('B22', 'Classroom B22', 2, 'B', 2, 2, 60, 1, 'HKBSL'),
    ('B23', 'Classroom B23', 2, 'B', 2, 3, 60, 1, 'HKBSL'),
    ('B31', 'Classroom B31', 2, 'B', 3, 1, 60, 4, 'HKBSL'),
    ('B32', 'Classroom B32', 2, 'B', 3, 2, 60, 1, 'HKBSL'),
    ('B33', 'Classroom B33', 2, 'B', 3, 3, 60, 4, 'HKBSL'),
    ('MR201', 'Meeting Room 1', 4, 'C', 2, 1, 10, 1, 'QFJJO'),
    ('MR202', 'Meeting Room 2', 4, 'C', 2, 2, 15, 5, 'QFJJO'),
    ('MR203', 'Meeting Room 3', 4, 'C', 2, 3, 20, 3, 'QFJJO'),
    ('S1', 'Study I', 5, 'I', 4, 1, 1, 1, 'CDQNA'),
    ('S2', 'Study A', 5, 'A', 4, 1, 2, 2, 'CDQNA'),
    ('S3', 'Study B', 5, 'B', 4, 1, 2, 1, 'CDQNA'),
    ('LR1', 'Library Room 1', 6, 'C', 3, 1, 10, 2, 'QRSCP'),
    ('LR2', 'Library Room 2', 6, 'C', 3, 2, 10, 1, 'QRSCP'),
    ('SR1', 'IT & TCS Staffroom', 7, 'C', 4, 1, 50, 1, 'FXADX'),
    ('SR2', 'AI & SE Staffroom', 7, 'C', 4, 2, 50, 1, 'FXADX'),
    ('SR3', 'CRYP & IC Staffroom', 7, 'C', 4, 3, 50, 3, 'FXADX'),
    ('SR4', 'Staffroom I', 7, 'I', 4, 2, 20, 3, 'LRYBE'),
    ('SR5', 'Staffroom A', 7, 'A', 4, 2, 20, 1, 'LRYBE'),
    ('SR6', 'Staffroom B', 7, 'B', 4, 2, 20, 1, 'LRYBE'),
    ('LAB1', 'Laboratory I', 8, 'I', 4, 3, 80, 1, 'CXWSK'),
    ('LAB2', 'Laboratory A', 8, 'A', 4, 3, 50, 1, 'DTEHH'),
    ('LAB3', 'Laboratory B', 8, 'B', 4, 3, 50, 5, 'DTEHH');
GO

INSERT INTO Facility (
    facility_type_id,
    facility_sequence_number,
    facility_name,
    space_id
)
VALUES
    (1, 1, 'Wooden Chair', 'AU1'),
    (1, 2, 'Wooden Chair', 'AU1'),
    (1, 3, 'Wooden Chair', 'AU1'),
    (1, 4, 'Wooden Chair', 'AU2'),
    (1, 5, 'Wooden Chair', 'AU2'),
    (1, 6, 'Wooden Chair', 'AU2'),
    (1, 7, 'Wooden Chair', 'AU3'),
    (1, 8, 'Wooden Chair', 'AU3'),
    (1, 9, 'Wooden Chair', 'AU3'),
    (1, 10, 'Wooden Chair', 'LH1'),
    (1, 11, 'Wooden Chair', 'LH1'),
    (1, 12, 'Wooden Chair', 'LH1'),
    (1, 13, 'Wooden Chair', 'LH2'),
    (1, 14, 'Wooden Chair', 'LH2'),
    (1, 15, 'Wooden Chair', 'LH2'),
    (1, 16, 'Wooden Chair', 'LH3'),
    (1, 17, 'Wooden Chair', 'LH3'),
    (1, 18, 'Wooden Chair', 'LH3'),
    (1, 19, 'Wooden Chair', 'I21'),
    (1, 20, 'Wooden Chair', 'I21'),
    (1, 21, 'Wooden Chair', 'I21'),
    (1, 22, 'Wooden Chair', 'I22'),
    (1, 23, 'Wooden Chair', 'I22'),
    (1, 24, 'Wooden Chair', 'I22'),
    (1, 25, 'Wooden Chair', 'I23'),
    (1, 26, 'Wooden Chair', 'I23'),
    (1, 27, 'Wooden Chair', 'I23'),
    (1, 28, 'Wooden Chair', 'I31'),
    (1, 29, 'Wooden Chair', 'I31'),
    (1, 30, 'Wooden Chair', 'I31'),
    (1, 31, 'Wooden Chair', 'I32'),
    (1, 32, 'Wooden Chair', 'I32'),
    (1, 33, 'Wooden Chair', 'I32'),
    (1, 34, 'Wooden Chair', 'I33'),
    (1, 35, 'Wooden Chair', 'I33'),
    (1, 36, 'Wooden Chair', 'I33'),
    (1, 37, 'Wooden Chair', 'A21'),
    (1, 38, 'Wooden Chair', 'A21'),
    (1, 39, 'Wooden Chair', 'A21'),
    (1, 40, 'Wooden Chair', 'A22'),
    (1, 41, 'Wooden Chair', 'A22'),
    (1, 42, 'Wooden Chair', 'A22'),
    (1, 43, 'Wooden Chair', 'A23'),
    (1, 44, 'Wooden Chair', 'A23'),
    (1, 45, 'Wooden Chair', 'A23'),
    (1, 46, 'Wooden Chair', 'A31'),
    (1, 47, 'Wooden Chair', 'A31'),
    (1, 48, 'Wooden Chair', 'A31'),
    (1, 49, 'Wooden Chair', 'A32'),
    (1, 50, 'Wooden Chair', 'A32'),
    (1, 51, 'Wooden Chair', 'A32'),
    (1, 52, 'Wooden Chair', 'A33'),
    (1, 53, 'Wooden Chair', 'A33'),
    (1, 54, 'Wooden Chair', 'A33'),
    (1, 55, 'Wooden Chair', 'B21'),
    (1, 56, 'Wooden Chair', 'B21'),
    (1, 57, 'Wooden Chair', 'B21'),
    (1, 58, 'Wooden Chair', 'B22'),
    (1, 59, 'Wooden Chair', 'B22'),
    (1, 60, 'Wooden Chair', 'B22'),
    (1, 61, 'Wooden Chair', 'B23'),
    (1, 62, 'Wooden Chair', 'B23'),
    (1, 63, 'Wooden Chair', 'B23'),
    (1, 64, 'Wooden Chair', 'B31'),
    (1, 65, 'Wooden Chair', 'B31'),
    (1, 66, 'Wooden Chair', 'B31'),
    (1, 67, 'Wooden Chair', 'B32'),
    (1, 68, 'Wooden Chair', 'B32'),
    (1, 69, 'Wooden Chair', 'B32'),
    (1, 70, 'Wooden Chair', 'B33'),
    (1, 71, 'Wooden Chair', 'B33'),
    (1, 72, 'Wooden Chair', 'B33'),
    (1, 73, 'Wooden Chair', 'MR201'),
    (1, 74, 'Wooden Chair', 'MR201'),
    (1, 75, 'Wooden Chair', 'MR201'),
    (1, 76, 'Wooden Chair', 'MR202'),
    (1, 77, 'Wooden Chair', 'MR202'),
    (1, 78, 'Wooden Chair', 'MR202'),
    (1, 79, 'Wooden Chair', 'MR203'),
    (1, 80, 'Wooden Chair', 'MR203'),
    (1, 81, 'Wooden Chair', 'MR203'),
    (1, 82, 'Wooden Chair', 'S1'),
    (1, 83, 'Wooden Chair', 'S1'),
    (1, 84, 'Wooden Chair', 'S1'),
    (1, 85, 'Wooden Chair', 'S2'),
    (1, 86, 'Wooden Chair', 'S2'),
    (1, 87, 'Wooden Chair', 'S2'),
    (1, 88, 'Wooden Chair', 'S3'),
    (1, 89, 'Wooden Chair', 'S3'),
    (1, 90, 'Wooden Chair', 'S3'),
    (1, 91, 'Wooden Chair', 'LR1'),
    (1, 92, 'Wooden Chair', 'LR1'),
    (1, 93, 'Wooden Chair', 'LR1'),
    (1, 94, 'Wooden Chair', 'LR2'),
    (1, 95, 'Wooden Chair', 'LR2'),
    (1, 96, 'Wooden Chair', 'LR2'),
    (1, 97, 'Wooden Chair', 'SR1'),
    (1, 98, 'Wooden Chair', 'SR1'),
    (1, 99, 'Wooden Chair', 'SR1'),
    (1, 100, 'Wooden Chair', 'SR2'),
    (1, 101, 'Wooden Chair', 'SR2'),
    (1, 102, 'Wooden Chair', 'SR2'),
    (1, 103, 'Wooden Chair', 'SR3'),
    (1, 104, 'Wooden Chair', 'SR3'),
    (1, 105, 'Wooden Chair', 'SR3'),
    (1, 106, 'Wooden Chair', 'SR4'),
    (1, 107, 'Wooden Chair', 'SR4'),
    (1, 108, 'Wooden Chair', 'SR4'),
    (1, 109, 'Wooden Chair', 'SR5'),
    (1, 110, 'Wooden Chair', 'SR5'),
    (1, 111, 'Wooden Chair', 'SR5'),
    (1, 112, 'Wooden Chair', 'SR6'),
    (1, 113, 'Wooden Chair', 'SR6'),
    (1, 114, 'Wooden Chair', 'SR6'),
    (1, 115, 'Wooden Chair', 'LAB1'),
    (1, 116, 'Wooden Chair', 'LAB1'),
    (1, 117, 'Wooden Chair', 'LAB1'),
    (1, 118, 'Wooden Chair', 'LAB2'),
    (1, 119, 'Wooden Chair', 'LAB2'),
    (1, 120, 'Wooden Chair', 'LAB2'),
    (1, 121, 'Wooden Chair', 'LAB3'),
    (1, 122, 'Wooden Chair', 'LAB3'),
    (1, 123, 'Wooden Chair', 'LAB3'),
    (2, 1, 'Mitsubishi Air Conditioner', 'AU1'),
    (2, 2, 'Mitsubishi Air Conditioner', 'AU1'),
    (2, 3, 'Mitsubishi Air Conditioner', 'AU1'),
    (2, 4, 'Mitsubishi Air Conditioner', 'AU1'),
    (2, 5, 'Mitsubishi Air Conditioner', 'AU2'),
    (2, 6, 'Mitsubishi Air Conditioner', 'AU2'),
    (2, 7, 'Mitsubishi Air Conditioner', 'AU2'),
    (2, 8, 'Mitsubishi Air Conditioner', 'AU2'),
    (2, 9, 'Mitsubishi Air Conditioner', 'AU3'),
    (2, 10, 'Mitsubishi Air Conditioner', 'AU3'),
    (2, 11, 'Mitsubishi Air Conditioner', 'AU3'),
    (2, 12, 'Mitsubishi Air Conditioner', 'AU3'),
    (2, 13, 'Mitsubishi Air Conditioner', 'LH1'),
    (2, 14, 'Mitsubishi Air Conditioner', 'LH1'),
    (2, 15, 'Mitsubishi Air Conditioner', 'LH1'),
    (2, 16, 'Mitsubishi Air Conditioner', 'LH1'),
    (2, 17, 'Mitsubishi Air Conditioner', 'LH2'),
    (2, 18, 'Mitsubishi Air Conditioner', 'LH2'),
    (2, 19, 'Mitsubishi Air Conditioner', 'LH2'),
    (2, 20, 'Mitsubishi Air Conditioner', 'LH2'),
    (2, 21, 'Mitsubishi Air Conditioner', 'LH3'),
    (2, 22, 'Mitsubishi Air Conditioner', 'LH3'),
    (2, 23, 'Mitsubishi Air Conditioner', 'LH3'),
    (2, 24, 'Mitsubishi Air Conditioner', 'LH3'),
    (2, 25, 'Mitsubishi Air Conditioner', 'I21'),
    (2, 26, 'Mitsubishi Air Conditioner', 'I21'),
    (2, 27, 'Mitsubishi Air Conditioner', 'I22'),
    (2, 28, 'Mitsubishi Air Conditioner', 'I22'),
    (2, 29, 'Mitsubishi Air Conditioner', 'I23'),
    (2, 30, 'Mitsubishi Air Conditioner', 'I23'),
    (2, 31, 'Mitsubishi Air Conditioner', 'I31'),
    (2, 32, 'Mitsubishi Air Conditioner', 'I31'),
    (2, 33, 'Mitsubishi Air Conditioner', 'I32'),
    (2, 34, 'Mitsubishi Air Conditioner', 'I32'),
    (2, 35, 'Mitsubishi Air Conditioner', 'I33'),
    (2, 36, 'Mitsubishi Air Conditioner', 'I33'),
    (2, 37, 'Mitsubishi Air Conditioner', 'A21'),
    (2, 38, 'Mitsubishi Air Conditioner', 'A21'),
    (2, 39, 'Mitsubishi Air Conditioner', 'A22'),
    (2, 40, 'Mitsubishi Air Conditioner', 'A22'),
    (2, 41, 'Mitsubishi Air Conditioner', 'A23'),
    (2, 42, 'Mitsubishi Air Conditioner', 'A23'),
    (2, 43, 'Mitsubishi Air Conditioner', 'A31'),
    (2, 44, 'Mitsubishi Air Conditioner', 'A31'),
    (2, 45, 'Mitsubishi Air Conditioner', 'A32'),
    (2, 46, 'Mitsubishi Air Conditioner', 'A32'),
    (2, 47, 'Mitsubishi Air Conditioner', 'A33'),
    (2, 48, 'Mitsubishi Air Conditioner', 'A33'),
    (2, 49, 'Mitsubishi Air Conditioner', 'B21'),
    (2, 50, 'Mitsubishi Air Conditioner', 'B21'),
    (2, 51, 'Mitsubishi Air Conditioner', 'B22'),
    (2, 52, 'Mitsubishi Air Conditioner', 'B22'),
    (2, 53, 'Mitsubishi Air Conditioner', 'B23'),
    (2, 54, 'Mitsubishi Air Conditioner', 'B23'),
    (2, 55, 'Mitsubishi Air Conditioner', 'B31'),
    (2, 56, 'Mitsubishi Air Conditioner', 'B31'),
    (2, 57, 'Mitsubishi Air Conditioner', 'B32'),
    (2, 58, 'Mitsubishi Air Conditioner', 'B32'),
    (2, 59, 'Mitsubishi Air Conditioner', 'B33'),
    (2, 60, 'Mitsubishi Air Conditioner', 'B33'),
    (2, 61, 'Mitsubishi Air Conditioner', 'MR201'),
    (2, 62, 'Mitsubishi Air Conditioner', 'MR202'),
    (2, 63, 'Mitsubishi Air Conditioner', 'MR203'),
    (2, 64, 'Mitsubishi Air Conditioner', 'MR203'),
    (2, 65, 'Mitsubishi Air Conditioner', 'S1'),
    (2, 66, 'Mitsubishi Air Conditioner', 'S2'),
    (2, 67, 'Mitsubishi Air Conditioner', 'S3'),
    (2, 68, 'Mitsubishi Air Conditioner', 'LR1'),
    (2, 69, 'Mitsubishi Air Conditioner', 'LR2'),
    (2, 70, 'Mitsubishi Air Conditioner', 'SR1'),
    (2, 71, 'Mitsubishi Air Conditioner', 'SR1'),
    (2, 72, 'Mitsubishi Air Conditioner', 'SR1'),
    (2, 73, 'Mitsubishi Air Conditioner', 'SR1'),
    (2, 74, 'Mitsubishi Air Conditioner', 'SR2'),
    (2, 75, 'Mitsubishi Air Conditioner', 'SR2'),
    (2, 76, 'Mitsubishi Air Conditioner', 'SR2'),
    (2, 77, 'Mitsubishi Air Conditioner', 'SR2'),
    (2, 78, 'Mitsubishi Air Conditioner', 'SR3'),
    (2, 79, 'Mitsubishi Air Conditioner', 'SR3'),
    (2, 80, 'Mitsubishi Air Conditioner', 'SR3'),
    (2, 81, 'Mitsubishi Air Conditioner', 'SR3'),
    (2, 82, 'Mitsubishi Air Conditioner', 'SR4'),
    (2, 83, 'Mitsubishi Air Conditioner', 'SR4'),
    (2, 84, 'Mitsubishi Air Conditioner', 'SR5'),
    (2, 85, 'Mitsubishi Air Conditioner', 'SR5'),
    (2, 86, 'Mitsubishi Air Conditioner', 'SR6'),
    (2, 87, 'Mitsubishi Air Conditioner', 'SR6'),
    (2, 88, 'Mitsubishi Air Conditioner', 'LAB1'),
    (2, 89, 'Mitsubishi Air Conditioner', 'LAB1'),
    (2, 90, 'Mitsubishi Air Conditioner', 'LAB2'),
    (2, 91, 'Mitsubishi Air Conditioner', 'LAB2'),
    (2, 92, 'Mitsubishi Air Conditioner', 'LAB3'),
    (2, 93, 'Mitsubishi Air Conditioner', 'LAB3'),
    (3, 1, 'Epson Projector', 'AU1'),
    (3, 2, 'Epson Projector', 'AU2'),
    (3, 3, 'Epson Projector', 'AU3'),
    (3, 4, 'Epson Projector', 'LH1'),
    (3, 5, 'Epson Projector', 'LH2'),
    (3, 6, 'Epson Projector', 'LH3'),
    (3, 7, 'ViewSonic Projector', 'I21'),
    (3, 8, 'ViewSonic Projector', 'I22'),
    (3, 9, 'ViewSonic Projector', 'I23'),
    (3, 10, 'ViewSonic Projector', 'I31'),
    (3, 11, 'ViewSonic Projector', 'I32'),
    (3, 12, 'ViewSonic Projector', 'I33'),
    (3, 13, 'ViewSonic Projector', 'A21'),
    (3, 14, 'ViewSonic Projector', 'A22'),
    (3, 15, 'ViewSonic Projector', 'A23'),
    (3, 16, 'ViewSonic Projector', 'A31'),
    (3, 17, 'ViewSonic Projector', 'A32'),
    (3, 18, 'ViewSonic Projector', 'A33'),
    (3, 19, 'ViewSonic Projector', 'B21'),
    (3, 20, 'ViewSonic Projector', 'B22'),
    (3, 21, 'ViewSonic Projector', 'B23'),
    (3, 22, 'ViewSonic Projector', 'B31'),
    (3, 23, 'ViewSonic Projector', 'B32'),
    (3, 24, 'ViewSonic Projector', 'B33'),
    (3, 25, 'ViewSonic Projector', 'MR201'),
    (3, 26, 'ViewSonic Projector', 'MR202'),
    (3, 27, 'ViewSonic Projector', 'MR203'),
    (3, 28, 'ViewSonic Projector', 'LR2'),
    (3, 29, 'Epson Projector', 'LAB1'),
    (3, 30, 'ViewSonic Projector', 'LAB2'),
    (3, 31, 'ViewSonic Projector', 'LAB3'),
    (4, 1, 'Large Magnetic Whiteboard', 'AU1'),
    (4, 2, 'Large Magnetic Whiteboard', 'AU2'),
    (4, 3, 'Large Magnetic Whiteboard', 'AU3'),
    (4, 4, 'Large Magnetic Whiteboard', 'LH1'),
    (4, 5, 'Large Magnetic Whiteboard', 'LH2'),
    (4, 6, 'Large Magnetic Whiteboard', 'LH3'),
    (4, 7, 'Large Magnetic Whiteboard', 'I21'),
    (4, 8, 'Large Magnetic Whiteboard', 'I22'),
    (4, 9, 'Large Magnetic Whiteboard', 'I23'),
    (4, 10, 'Large Magnetic Whiteboard', 'I31'),
    (4, 11, 'Large Magnetic Whiteboard', 'I32'),
    (4, 12, 'Large Magnetic Whiteboard', 'I33'),
    (4, 13, 'Large Magnetic Whiteboard', 'A21'),
    (4, 14, 'Large Magnetic Whiteboard', 'A22'),
    (4, 15, 'Large Magnetic Whiteboard', 'A23'),
    (4, 16, 'Large Magnetic Whiteboard', 'A31'),
    (4, 17, 'Large Magnetic Whiteboard', 'A32'),
    (4, 18, 'Large Magnetic Whiteboard', 'A33'),
    (4, 19, 'Large Magnetic Whiteboard', 'B21'),
    (4, 20, 'Large Magnetic Whiteboard', 'B22'),
    (4, 21, 'Large Magnetic Whiteboard', 'B23'),
    (4, 22, 'Large Magnetic Whiteboard', 'B31'),
    (4, 23, 'Large Magnetic Whiteboard', 'B32'),
    (4, 24, 'Large Magnetic Whiteboard', 'B33'),
    (4, 25, 'Small Magnetic Whiteboard', 'LR1'),
    (4, 26, 'Small Magnetic Whiteboard', 'LR2'),
    (4, 27, 'Large Magnetic Whiteboard', 'LAB1'),
    (4, 28, 'Large Magnetic Whiteboard', 'LAB2'),
    (4, 29, 'Large Magnetic Whiteboard', 'LAB3'),
    (5, 1, 'Wooden Desk', 'AU1'),
    (5, 2, 'Wooden Desk', 'AU2'),
    (5, 3, 'Wooden Desk', 'AU3'),
    (5, 4, 'Wooden Desk', 'LH1'),
    (5, 5, 'Wooden Desk', 'LH2'),
    (5, 6, 'Wooden Desk', 'LH3'),
    (5, 7, 'Wooden Desk', 'I21'),
    (5, 8, 'Wooden Desk', 'I22'),
    (5, 9, 'Wooden Desk', 'I23'),
    (5, 10, 'Wooden Desk', 'I31'),
    (5, 11, 'Wooden Desk', 'I32'),
    (5, 12, 'Wooden Desk', 'I33'),
    (5, 13, 'Wooden Desk', 'A21'),
    (5, 14, 'Wooden Desk', 'A22'),
    (5, 15, 'Wooden Desk', 'A23'),
    (5, 16, 'Wooden Desk', 'A31'),
    (5, 17, 'Wooden Desk', 'A32'),
    (5, 18, 'Wooden Desk', 'A33'),
    (5, 19, 'Wooden Desk', 'B21'),
    (5, 20, 'Wooden Desk', 'B22'),
    (5, 21, 'Wooden Desk', 'B23'),
    (5, 22, 'Wooden Desk', 'B31'),
    (5, 23, 'Wooden Desk', 'B32'),
    (5, 24, 'Wooden Desk', 'B33'),
    (5, 25, 'Wooden Desk', 'MR201'),
    (5, 26, 'Wooden Desk', 'MR202'),
    (5, 27, 'Wooden Desk', 'MR203'),
    (5, 28, 'Wooden Desk', 'S1'),
    (5, 29, 'Wooden Desk', 'S2'),
    (5, 30, 'Wooden Desk', 'S3'),
    (5, 31, 'Wooden Desk', 'LR1'),
    (5, 32, 'Wooden Desk', 'LR2'),
    (5, 33, 'Wooden Desk', 'SR1'),
    (5, 34, 'Wooden Desk', 'SR2'),
    (5, 35, 'Wooden Desk', 'SR3'),
    (5, 36, 'Wooden Desk', 'SR4'),
    (5, 37, 'Wooden Desk', 'SR5'),
    (5, 38, 'Wooden Desk', 'SR6'),
    (5, 39, 'Wooden Desk', 'LAB1'),
    (5, 40, 'Wooden Desk', 'LAB2'),
    (5, 41, 'Wooden Desk', 'LAB3'),
    (6, 1, 'Lenovo Thinkbook R7-8745H', 'S1'),
    (6, 2, 'Lenovo Thinkbook R7-8745H', 'S2'),
    (6, 3, 'Lenovo Thinkbook R7-8745H', 'S3'),
    (6, 4, 'Asus x21 Ultrabook', 'LAB1'),
    (6, 5, 'Asus x21 Ultrabook', 'LAB1'),
    (6, 6, 'Asus x21 Ultrabook', 'LAB1'),
    (6, 7, 'Asus x21 Ultrabook', 'LAB2'),
    (6, 8, 'Asus x21 Ultrabook', 'LAB2'),
    (6, 9, 'Asus x21 Ultrabook', 'LAB2'),
    (6, 10, 'Asus x21 Ultrabook', 'LAB3'),
    (6, 11, 'Asus x21 Ultrabook', 'LAB3'),
    (6, 12, 'Asus x21 Ultrabook', 'LAB3'),
    (7, 1, 'Desk Lamp', 'S1'),
    (7, 2, 'Desk Lamp', 'S2'),
    (7, 3, 'Desk Lamp', 'S3'),
    (8, 1, 'Wooden Bookshelf', 'S1'),
    (8, 2, 'Wooden Bookshelf', 'S2'),
    (8, 3, 'Wooden Bookshelf', 'S3'),
    (8, 4, 'Wooden Bookshelf', 'LR1'),
    (8, 5, 'Wooden Bookshelf', 'LR2'),
    (9, 1, 'Water Dispenser', 'SR1'),
    (9, 2, 'Water Dispenser', 'SR2'),
    (9, 3, 'Water Dispenser', 'SR3'),
    (9, 4, 'Water Dispenser', 'SR4'),
    (9, 5, 'Water Dispenser', 'SR5'),
    (9, 6, 'Water Dispenser', 'SR6'),
    (10, 1, 'Electric Outlet', 'AU1'),
    (10, 2, 'Electric Outlet', 'AU2'),
    (10, 3, 'Electric Outlet', 'AU3'),
    (10, 4, 'Electric Outlet', 'LH1'),
    (10, 5, 'Electric Outlet', 'LH2'),
    (10, 6, 'Electric Outlet', 'LH3'),
    (10, 7, 'Electric Outlet', 'I21'),
    (10, 8, 'Electric Outlet', 'I22'),
    (10, 9, 'Electric Outlet', 'I23'),
    (10, 10, 'Electric Outlet', 'I31'),
    (10, 11, 'Electric Outlet', 'I32'),
    (10, 12, 'Electric Outlet', 'I33'),
    (10, 13, 'Electric Outlet', 'A21'),
    (10, 14, 'Electric Outlet', 'A22'),
    (10, 15, 'Electric Outlet', 'A23'),
    (10, 16, 'Electric Outlet', 'A31'),
    (10, 17, 'Electric Outlet', 'A32'),
    (10, 18, 'Electric Outlet', 'A33'),
    (10, 19, 'Electric Outlet', 'B21'),
    (10, 20, 'Electric Outlet', 'B22'),
    (10, 21, 'Electric Outlet', 'B23'),
    (10, 22, 'Electric Outlet', 'B31'),
    (10, 23, 'Electric Outlet', 'B32'),
    (10, 24, 'Electric Outlet', 'B33'),
    (10, 25, 'Electric Outlet', 'MR201'),
    (10, 26, 'Electric Outlet', 'MR202'),
    (10, 27, 'Electric Outlet', 'MR203'),
    (10, 28, 'Electric Outlet', 'S1'),
    (10, 29, 'Electric Outlet', 'S2'),
    (10, 30, 'Electric Outlet', 'S3'),
    (10, 31, 'Electric Outlet', 'LR1'),
    (10, 32, 'Electric Outlet', 'LR2'),
    (10, 33, 'Electric Outlet', 'SR1'),
    (10, 34, 'Electric Outlet', 'SR2'),
    (10, 35, 'Electric Outlet', 'SR3'),
    (10, 36, 'Electric Outlet', 'SR4'),
    (10, 37, 'Electric Outlet', 'SR5'),
    (10, 38, 'Electric Outlet', 'SR6'),
    (10, 39, 'Electric Outlet', 'LAB1'),
    (10, 40, 'Electric Outlet', 'LAB1'),
    (10, 41, 'Electric Outlet', 'LAB1'),
    (10, 42, 'Electric Outlet', 'LAB2'),
    (10, 43, 'Electric Outlet', 'LAB2'),
    (10, 44, 'Electric Outlet', 'LAB2'),
    (10, 45, 'Electric Outlet', 'LAB3'),
    (10, 46, 'Electric Outlet', 'LAB3'),
    (10, 47, 'Electric Outlet', 'LAB3'),
    (11, 1, 'Ficus maclellandii', 'AU1'),
    (11, 2, 'Ficus maclellandii', 'AU2'),
    (11, 3, 'Ficus maclellandii', 'AU3'),
    (11, 4, 'Ficus maclellandii', 'LH1'),
    (11, 5, 'Ficus maclellandii', 'LH2'),
    (11, 6, 'Ficus maclellandii', 'LH3'),
    (11, 7, 'Ficus maclellandii', 'I21'),
    (11, 8, 'Ficus maclellandii', 'I22'),
    (11, 9, 'Ficus maclellandii', 'I23'),
    (11, 10, 'Ficus maclellandii', 'I31'),
    (11, 11, 'Ficus maclellandii', 'I32'),
    (11, 12, 'Ficus maclellandii', 'I33'),
    (11, 13, 'Ficus maclellandii', 'A21'),
    (11, 14, 'Ficus maclellandii', 'A22'),
    (11, 15, 'Ficus maclellandii', 'A23'),
    (11, 16, 'Ficus maclellandii', 'A31'),
    (11, 17, 'Ficus maclellandii', 'A32'),
    (11, 18, 'Ficus maclellandii', 'A33'),
    (11, 19, 'Ficus maclellandii', 'B21'),
    (11, 20, 'Ficus maclellandii', 'B22'),
    (11, 21, 'Ficus maclellandii', 'B23'),
    (11, 22, 'Ficus maclellandii', 'B31'),
    (11, 23, 'Ficus maclellandii', 'B32'),
    (11, 24, 'Ficus maclellandii', 'B33'),
    (11, 25, 'Ficus maclellandii', 'MR201'),
    (11, 26, 'Ficus maclellandii', 'MR202'),
    (11, 27, 'Ficus maclellandii', 'MR203'),
    (11, 28, 'Ficus maclellandii', 'S1'),
    (11, 29, 'Ficus maclellandii', 'S2'),
    (11, 30, 'Ficus maclellandii', 'S3'),
    (11, 31, 'Ficus maclellandii', 'LR1'),
    (11, 32, 'Ficus maclellandii', 'LR2'),
    (11, 33, 'Ficus maclellandii', 'SR1'),
    (11, 34, 'Ficus maclellandii', 'SR2'),
    (11, 35, 'Ficus maclellandii', 'SR3'),
    (11, 36, 'Ficus maclellandii', 'SR4'),
    (11, 37, 'Ficus maclellandii', 'SR5'),
    (11, 38, 'Ficus maclellandii', 'SR6'),
    (11, 39, 'Ficus maclellandii', 'LAB1'),
    (11, 40, 'Ficus maclellandii', 'LAB2'),
    (11, 41, 'Ficus maclellandii', 'LAB3'),
    (12, 1, 'ATW-3212 Microphone', 'AU1'),
    (12, 2, 'ATW-3212 Microphone', 'AU2'),
    (12, 3, 'ATW-3212 Microphone', 'AU3'),
    (12, 4, 'ATW-3212 Microphone', 'LH1'),
    (12, 5, 'ATW-3212 Microphone', 'LH2'),
    (12, 6, 'ATW-3212 Microphone', 'LH3'),
    (12, 7, 'ATW-3212 Microphone', 'I21'),
    (12, 8, 'ATW-3212 Microphone', 'I22'),
    (12, 9, 'ATW-3212 Microphone', 'I23'),
    (12, 10, 'ATW-3212 Microphone', 'I31'),
    (12, 11, 'ATW-3212 Microphone', 'I32'),
    (12, 12, 'ATW-3212 Microphone', 'I33'),
    (12, 13, 'ATW-3212 Microphone', 'A21'),
    (12, 14, 'ATW-3212 Microphone', 'A22'),
    (12, 15, 'ATW-3212 Microphone', 'A23'),
    (12, 16, 'ATW-3212 Microphone', 'A31'),
    (12, 17, 'ATW-3212 Microphone', 'A32'),
    (12, 18, 'ATW-3212 Microphone', 'A33'),
    (12, 19, 'ATW-3212 Microphone', 'B21'),
    (12, 20, 'ATW-3212 Microphone', 'B22'),
    (12, 21, 'ATW-3212 Microphone', 'B23'),
    (12, 22, 'ATW-3212 Microphone', 'B31'),
    (12, 23, 'ATW-3212 Microphone', 'B32'),
    (12, 24, 'ATW-3212 Microphone', 'B33'),
    (12, 25, 'ATW-3212 Microphone', 'LAB1'),
    (12, 26, 'ATW-3212 Microphone', 'LAB2'),
    (12, 27, 'ATW-3212 Microphone', 'LAB3'),
    (13, 1, 'Sony Speaker', 'AU1'),
    (13, 2, 'Sony Speaker', 'AU1'),
    (13, 3, 'Sony Speaker', 'AU2'),
    (13, 4, 'Sony Speaker', 'AU2'),
    (13, 5, 'Sony Speaker', 'AU3'),
    (13, 6, 'Sony Speaker', 'AU3'),
    (13, 7, 'Sony Speaker', 'LH1'),
    (13, 8, 'Sony Speaker', 'LH1'),
    (13, 9, 'Sony Speaker', 'LH2'),
    (13, 10, 'Sony Speaker', 'LH2'),
    (13, 11, 'Sony Speaker', 'LH3'),
    (13, 12, 'Sony Speaker', 'LH3'),
    (13, 13, 'Sony Speaker', 'I21'),
    (13, 14, 'Sony Speaker', 'I22'),
    (13, 15, 'Sony Speaker', 'I23'),
    (13, 16, 'Sony Speaker', 'I31'),
    (13, 17, 'Sony Speaker', 'I32'),
    (13, 18, 'Sony Speaker', 'I33'),
    (13, 19, 'Sony Speaker', 'A21'),
    (13, 20, 'Sony Speaker', 'A22'),
    (13, 21, 'Sony Speaker', 'A23'),
    (13, 22, 'Sony Speaker', 'A31'),
    (13, 23, 'Sony Speaker', 'A32'),
    (13, 24, 'Sony Speaker', 'A33'),
    (13, 25, 'Sony Speaker', 'B21'),
    (13, 26, 'Sony Speaker', 'B22'),
    (13, 27, 'Sony Speaker', 'B23'),
    (13, 28, 'Sony Speaker', 'B31'),
    (13, 29, 'Sony Speaker', 'B32'),
    (13, 30, 'Sony Speaker', 'B33'),
    (13, 31, 'Sony Speaker', 'LAB1'),
    (13, 32, 'Sony Speaker', 'LAB2'),
    (13, 33, 'Sony Speaker', 'LAB3');
GO

INSERT INTO [User] (
    user_id,
    surname,
    given_name,
    email,
    phone_number,
    user_role_id,
    department_id,
    user_status_id
)
VALUES
    ('94934230', N'Trần Tôn Minh', N'Kỳ', 'minhkyuwu@gmail.com', '0371633575', 5, 1, 1),
    ('60847655', N'Quách Thiên', N'Lạc', 'makarov@gmail.com', '0224910990', 6, NULL, 1),
    ('02377047', N'Nguyễn Quốc', 'Nam', 'quocnam612@gmail.com', '0477070069', 2, 1, 1),
    ('28721710', N'Phan Bảo Đức', N'Phát', 'phatpvc@gmail.com', '0532087431', 2, 3, 1),
    ('76303408', N'Nguyễn Chánh', N'Nhân', 'oprisus@gmail.com', '0611430362', 2, 5, 1),
    ('08442878', N'Phan Trần Việt', 'Trung', 'yoruka@gmail.com', '0575588724', 3, 1, 1),
    ('00306823', N'Trần Thanh', N'Hải', 'sliver20503@gmail.com', '0113971141', 3, 5, 1),
    ('05118511', N'Huỳnh Lăng Minh', N'Trị', 'meiji@gmail.com', '0861506616', 3, 2, 1),
    ('87883568', N'Phan Bảo', N'Trọng', 'jangbellwemeantate@gmail.com', '0210886625', 1, 1, 1),
    ('36920217', N'Tôn Thất Nhật', N'Khánh', 'tonhoasen@gmail.com', '0303794447', 1, 1, 1),
    ('23860563', N'Nguyễn Bá', 'Vinh', 'nbvinh@gmail.com', '0741278119', 1, 2, 3),
    ('95177409', N'Nguyễn Hoàng', 'Gia', 'giabell@gmail.com', '0722647706', 1, 2, 1),
    ('29754516', N'Nguyễn Đình Thiên', N'Lộc', 'locgay@gmail.com', '0556491769', 1, 3, 1),
    ('32025141', N'Nguyễn Hồng Tấn', N'Tài', 'tuongtainhungko@gmail.com', '0018434867', 1, 3, 1),
    ('02168701', N'Lê Trung', N'Kiên', 'chokien@gmail.com', '0284205948', 1, 4, 1),
    ('80658968', N'Cao Hồng', N'Vân', 'vana1@gmail.com', '0300927878', 1, 5, 2),
    ('14098089', N'Phan Thị Thanh', N'Huyền', 'mayo212@gmail.com', '0630638150', 1, 6, 1),
    ('29069097', N'Nguyễn Văn', N'Tĩnh', 'nguydien@gmail.com', '0600824687', 4, NULL, 1),
    ('97964809', 'Hatsune', 'Miku', 'omgitmigu@gmail.com', '0117319712', 4, NULL, 1),
    ('46967007', N'Hồ Nguyễn Như', N'Khuyên', 'oitroioilatroi@gmail.com', '0184207295', 4, NULL, 1);
GO

INSERT INTO BookingRequest (
    booking_request_id,
    requested_start_time,
    requested_end_time,
    purpose_id,
    expected_participants
)
VALUES
    ('8hqpp7hu', '2026-06-20T07:30:00', '2026-06-20T11:15:00', 1, 40),
    ('u8qd9snm', '2026-06-20T07:30:00', '2026-06-20T09:15:00', 1, 40),
    ('tiaeue8i', '2026-06-20T09:30:00', '2026-06-20T11:15:00', 3, 40),
    ('20pt040a', '2026-06-20T08:00:00', '2026-06-20T09:30:00', 5, 10),
    ('mqmyjyci', '2026-06-20T09:00:00', '2026-06-20T10:30:00', 5, 8),
    ('yfzoyucf', '2026-06-21T15:00:00', '2026-06-21T16:00:00', 6, 1),
    ('y55nadhp', '2026-06-20T06:00:00', '2026-06-20T11:30:00', 7, 30),
    ('p8onog2q', '2026-06-20T06:00:00', '2026-06-20T11:30:00', 7, 30),
    ('406om3hs', '2026-06-20T06:00:00', '2026-06-20T11:30:00', 7, 15),
    ('q2dxltov', '2026-06-20T06:00:00', '2026-06-20T11:30:00', 7, 10),
    ('pif0j8u8', '2026-06-20T06:00:00', '2026-06-20T11:30:00', 7, 10),
    ('5bo3fynf', '2026-06-22T13:00:00', '2026-06-22T15:00:00', 2, 40),
    ('tr367wjq', '2026-06-20T07:00:00', '2026-06-20T10:00:00', 4, 100),
    ('6mxpqjt1', '2026-06-20T07:00:00', '2026-06-20T10:00:00', 4, 100),
    ('eqo3d53s', '2026-06-20T13:00:00', '2026-06-20T15:00:00', 5, 3);
GO

INSERT INTO junction_table.Booking (
    booking_request_id,
    user_id,
    space_id
)
VALUES
    ('8hqpp7hu', '02377047', 'I22'),
    ('u8qd9snm', '28721710', 'A33'),
    ('tiaeue8i', '05118511', 'B21'),
    ('20pt040a', '95177409', 'MR201'),
    ('mqmyjyci', '80658968', 'MR201'),
    ('yfzoyucf', '36920217', 'S2'),
    ('y55nadhp', '94934230', 'SR1'),
    ('p8onog2q', '94934230', 'SR2'),
    ('406om3hs', '94934230', 'SR4'),
    ('q2dxltov', '94934230', 'SR5'),
    ('pif0j8u8', '94934230', 'SR6'),
    ('5bo3fynf', '05118511', 'LAB1'),
    ('tr367wjq', '08442878', 'AU3'),
    ('6mxpqjt1', '08442878', 'AU2'),
    ('eqo3d53s', '00306823', 'LR1');
GO


INSERT INTO junction_table.Review (
    booking_request_id,
    reviewer_id,
    decision_id,
    decision_time,
    decision_note,
    rejection_reason
)
VALUES
    ('8hqpp7hu', '60847655', 3, '2026-06-19T16:07:18', 'Week 3 Scheduled Teaching', 'Maintenance'),
    ('u8qd9snm', '97964809', 2, '2026-06-19T16:13:44', 'Week 3 Scheduled Teaching', NULL),
    ('tiaeue8i', '60847655', 2, '2026-06-19T16:21:05', 'Scheduled Seminar', NULL),
    ('20pt040a', '29069097', 2, '2026-06-19T16:26:32', NULL, NULL),
    ('mqmyjyci', '60847655', 3, '2026-06-19T16:34:29', NULL, 'Requested time unavailable'),
    ('yfzoyucf', '60847655', 2, '2026-06-19T16:39:45', NULL, NULL),
    ('y55nadhp', '60847655', 2, '2026-06-19T16:45:12', 'Automated staffroom booking', NULL),
    ('p8onog2q', '46967007', 2, '2026-06-19T16:48:37', 'Automated staffroom booking', NULL),
    ('406om3hs', '60847655', 2, '2026-06-19T16:55:03', 'Automated staffroom booking', NULL),
    ('q2dxltov', '46967007', 2, '2026-06-19T17:01:41', 'Automated staffroom booking', NULL),
    ('pif0j8u8', '97964809', 2, '2026-06-19T17:06:14', 'Automated staffroom booking', NULL),
    ('5bo3fynf', '60847655', 2, '2026-06-19T17:10:26', 'Week 3 Scheduled Examination', NULL),
    ('tr367wjq', NULL, 4, NULL, NULL, NULL),
    ('6mxpqjt1', '60847655', 2, '2026-06-19T17:22:31', 'Workshop', NULL),
    ('eqo3d53s', '60847655', 2, '2026-06-19T17:29:33', NULL, NULL);
GO

INSERT INTO Reservation (
    reservation_id,
    booking_request_id,
    reservation_status_id,
    usage_note
)
VALUES
    ('T6SJ702F', 'u8qd9snm', 3, 'CS486 Lecture 03'),
    ('FM1CA4XH', 'tiaeue8i', 3, 'Seminar on modular representation theory'),
    ('4RJ2R879', '20pt040a', 4, 'No-show meeting, user blacklisted'),
    ('TOQDPKV8', 'yfzoyucf', 1, NULL),
    ('70538BYA', 'y55nadhp', 3, 'Daily staffroom'),
    ('GNF5K5O7', 'p8onog2q', 3, 'Daily staffroom'),
    ('2WCV8QIU', '406om3hs', 3, 'Daily staffroom'),
    ('01F87FW3', 'q2dxltov', 3, 'Daily staffroom'),
    ('CV4IPGH4', 'pif0j8u8', 3, 'Daily staffroom'),
    ('JKQMHM3K', '5bo3fynf', 1, NULL),
    ('CTYMLKD6', '6mxpqjt1', 3, 'Workshop on CV writing'),
    ('4BDHPZNC', 'eqo3d53s', 2, NULL);
GO

INSERT INTO junction_table.ReservationCheckIn (
    reservation_id,
    attendant_id,
    check_in_user_id,
    actual_start_time,
    actual_end_time,
    space_initial_condition_id,
    space_final_condition_id
)
VALUES
    ('T6SJ702F', '29069097', '23860563', '2026-06-20T07:32:00', '2026-06-20T09:11:00', 4, 3),
    ('FM1CA4XH', '29069097', '29069097', '2026-06-20T09:35:00', '2026-06-20T11:10:00', 3, 5),
    ('TOQDPKV8', '97964809', '36920217', '2026-06-21T15:01:00', NULL, 5, NULL),
    ('70538BYA', '97964809', '94934230', '2026-06-20T06:17:00', '2026-06-20T11:12:00', 4, 2),
    ('GNF5K5O7', '97964809', '94934230', '2026-06-20T06:02:00', '2026-06-20T11:29:00', 5, 3),
    ('2WCV8QIU', '97964809', '94934230', '2026-06-20T06:10:00', '2026-06-20T11:06:00', 4, 4),
    ('01F87FW3', '46967007', '94934230', '2026-06-20T06:08:00', '2026-06-20T11:27:00', 4, 5),
    ('CV4IPGH4', '46967007', '94934230', '2026-06-20T06:09:00', '2026-06-20T09:54:00', 3, 2),
    ('CTYMLKD6', '97964809', '97964809', '2026-06-20T06:55:00', '2026-06-20T10:24:00', 5, 4),
    ('4BDHPZNC', '97964809', '00306823', '2026-06-20T12:58:00', NULL, 4, NULL);
GO

INSERT INTO Maintenance (
    maintenance_id,
    reporter_id,
    maintenance_description,
    maintenance_status_id,
    result_note
)
VALUES
    ('12as51', '02377047', 'Broken chairs on first row', 2, 'Replaced with new chairs'),
    ('qi19r9', '76303408', 'Board missing', 1, NULL),
    ('a7m2q9', '94934230', 'Projector remote not working', 1, NULL),
    ('x0f4h7', '36920217', 'Power outlet cover cracked', 1, NULL),
    ('z3w8e5', '23860563', 'Door handle feels loose', 1, NULL);
GO

INSERT INTO junction_table.Maintaining (
    maintenance_id,
    technician_id,
    space_id,
    maintenance_start_time,
    maintenance_end_time
)
VALUES
    ('12as51', '60847655', 'AU1', '2026-06-18T17:00:00', '2026-06-18T17:30:00'),
    ('qi19r9', '60847655', 'MR203', '2026-06-19T02:00:00', NULL),
    ('a7m2q9', '60847655', 'I22', '2026-06-19T08:20:00', NULL),
    ('x0f4h7', '60847655', 'SR3', '2026-06-20T12:00:00', NULL),
    ('z3w8e5', '60847655', 'SR4', '2026-06-20T12:10:00', NULL);
GO